run_id,code_commit,method,config_path,seed,parent_checkpoints,steps,batch_size,context,processed_targets_including_ancestry,parameters,hardware,threads,train_precision,train_seconds,validation_seconds,test_seconds,peak_ram_gb,peak_gpu_allocated_gb,validation_bpb,test_bpb,checkpoint_sha256,selected_on,notes
baseline_cuda_fp32_s17,,baseline GPT,configs/baseline.json,17,,1200,32,256,9830400,1088256,NVIDIA GeForce RTX 3060 Laptop GPU,4,fp32,29.0633384,7.9311351,9.0172806,,0.53879296,2.071080796623291,2.1012567154053494,5b068312e225a4995d8c85bf83cf0fc2fca632984ed704cbff95a695050ae0e6,reference baseline,Trained on CUDA and evaluated on CPU FP32; peak CPU RAM not yet measured
swiglu_cuda_fp32_s17,,SwiGLU feed-forward,configs/swiglu.json,17,,1200,32,256,9830400,1093056,NVIDIA GeForce RTX 3060 Laptop GPU,4,fp32,31.6934074,8.2334360,,1.804,0.587088896,2.0172391377004675,,fc088b49f91efacf2ab132fdef0199813e1568ea83a932e2338d5c7e17055de1,validation,CPU peak working set sampled during validation; test reserved until method freeze
baseline_4800_s17,,baseline GPT longer training,configs/baseline.json,17,,4800,32,256,39321600,1088256,NVIDIA GeForce RTX 3060 Laptop GPU,4,fp32,126.7797023,0.5755529,,,0.53879296,1.7524311926585532,,120bead837f748f66e2a7bc6f316a9ef3b827e70a83b01d432f67dcb4bc6c6c8,validation,Validation timing is on GPU FP32; no test run
swiglu_4800_s17,,SwiGLU longer training,configs/swiglu.json,17,,4800,32,256,39321600,1093056,NVIDIA GeForce RTX 3060 Laptop GPU,4,fp32,154.2712214,0.6529719,,,0.587088896,1.7460993397153401,,1049abc3e4837489234e2a5c19de800c466553db0649130aacc81ed5e6fda289,validation,Validation timing is on GPU FP32; paired with baseline_4800_s17
swiglu_w192_4800_s17,,SwiGLU width 192,configs/swiglu_width192.json,17,,4800,32,256,39321600,2223232,NVIDIA GeForce RTX 3060 Laptop GPU,4,fp32,226.4097125,0.8836190,,,0.758480896,1.695301600636168,,99cd1548eaf6c4141e9e4366ed4c76ccb4eba0964ee731f7ed31157329122239,validation,Validation timing is on GPU FP32; no test run
swiglu_w256_4800_s17,,SwiGLU width 256,configs/swiglu_width256.json,17,,4800,32,256,39321600,3767168,NVIDIA GeForce RTX 3060 Laptop GPU,4,fp32,456.5483135,17.8130114,19.2207382,1.828,0.949641216,1.6479966848627325,1.6736554151618799,be326ee0634fe151516ebc8ff681bb2f6016757882d002723914926dff006646,validation,CPU FP32 validation and frozen test; RAM is Windows peak working set on full test
gelu_w256_4800_s17,,GELU width 256,configs/baseline_width256.json,17,,4800,32,256,39321600,3749376,NVIDIA GeForce RTX 3060 Laptop GPU,4,fp32,480.9290949,2.0590052,,,0.847550464,1.623584520879454,,13f35330fc0494f3e436ebf68c012e375a9e74578a6eeb6b461fcd020629b982,validation,Validation timing is on GPU FP32; no test run
gelu_cache_bigram03_s17,,GELU plus causal bigram cache,embedded checkpoint config,17,13f35330fc0494f3e436ebf68c012e375a9e74578a6eeb6b461fcd020629b982,4800,32,256,39321600,3749376,NVIDIA GeForce RTX 3060 Laptop GPU,4,fp32,480.9290949,31.6649576,37.1303352,1.824,0.847550464,1.595680805181622,1.6096751344485702,8ed226c6f9fa73b460d395a87a5c659ef0385755992b875ed7e3acf67b9f19e2,validation,No extra training; CPU RAM is peak working set on full test
ensemble_w256_mix05_s17,,GELU and SwiGLU probability ensemble,embedded checkpoint config,17,13f35330fc0494f3e436ebf68c012e375a9e74578a6eeb6b461fcd020629b982;be326ee0634fe151516ebc8ff681bb2f6016757882d002723914926dff006646,4800,32,256,78643200,7516544,NVIDIA GeForce RTX 3060 Laptop GPU,4,fp32,937.4774084,62.1808514,,1.861,,1.5620653401484679,,bad2e68f15d3ee18199fcf85a0f4993fab0b4247552138860cb1964236f6d0ba,validation,Rejected because CPU validation time exceeds 5x baseline; no test run
gelu_w256_8000_s17,,GELU width 256 longer training,configs/baseline_width256.json,17,,8000,32,256,65536000,3749376,NVIDIA GeForce RTX 3060 Laptop GPU,4,fp32,898.9837337,1.8294631,,,0.847550464,1.648930938432787,,51a92c5ed1b475e8e52890b1de800392f2937a159f1db1a7ff71039ea474bc1a,validation,At 2000/4000/6000/8000 steps val BPB 1.70694757/1.64216383/1.63407878/1.64893094; no test run
gelu_soup_w256_w025_s17,,GELU checkpoint weight interpolation,embedded checkpoint config,17,13f35330fc0494f3e436ebf68c012e375a9e74578a6eeb6b461fcd020629b982;51a92c5ed1b475e8e52890b1de800392f2937a159f1db1a7ff71039ea474bc1a,4800+8000,32,256,104857600,3749376,NVIDIA GeForce RTX 3060 Laptop GPU,4,fp32,1379.9128286,0.9624768,,,,1.6219642199838362,,cc1bdabb05ebf3fc3138790d6ac8ecce06b6843993f1eca1a97777564dff8622,validation,25 percent weight from 8000-step checkpoint; search includes both parent train costs; no test run
ensemble_logit_w256_mix05_s17,,GELU and SwiGLU logit ensemble,embedded checkpoint config,17,13f35330fc0494f3e436ebf68c012e375a9e74578a6eeb6b461fcd020629b982;be326ee0634fe151516ebc8ff681bb2f6016757882d002723914926dff006646,4800+4800,32,256,78643200,7516544,NVIDIA GeForce RTX 3060 Laptop GPU,4,fp32,937.4774084,33.3973090,37.4021421,1.861,,1.5545063775339891,1.5729207796487956,1dd6bcd6fe12700c092a10b47226d96d7ee4825a6534cf367d30fca28c1f3b93,validation,Frozen 0.5 logit mix selected on validation; CPU FP32 test time 4.15x initial baseline; RAM is peak working set; inference checkpoint 30102585 bytes
gelu_w256_4800_s29,,GELU width 256 independent seed,configs/baseline_width256.json,29,,4800,32,256,39321600,3749376,NVIDIA GeForce RTX 3060 Laptop GPU,4,fp32,496.5768068,1.8728553,,,0.847550464,1.6191455900029397,,958f743efd79aeeab7c85fb172959abf19703514a3c93dad57d6d34fc2594fc4,validation,Independent-seed comparison; validation only; GPU train shared with sweep periods
swiglu_w256_4800_s29,,SwiGLU width 256 independent seed,configs/swiglu_width256.json,29,,4800,32,256,39321600,3767168,NVIDIA GeForce RTX 3060 Laptop GPU,4,fp32,464.5759069,1.7432551,,,0.949641216,1.6483940093673886,,2cbfbc69cec2f76c1b56668476a6c6fcfe5f7147384de32cd5cbb6536b163866,validation,Independent-seed comparison; validation only; GPU train shared with sweep periods
ensemble_calibrated_w055_t1075_s17,,GELU and SwiGLU calibrated logit ensemble,embedded checkpoint config,17,13f35330fc0494f3e436ebf68c012e375a9e74578a6eeb6b461fcd020629b982;be326ee0634fe151516ebc8ff681bb2f6016757882d002723914926dff006646,4800+4800,32,256,78643200,7516544,NVIDIA GeForce RTX 3060 Laptop GPU,4,fp32,937.4774084,,,,,1.5489672874448792,,72cd5c23876935959144c18eccde9860ee70deea6ed2d23f93e91b65d0c1164d,validation,GELU weight 0.55 and temperature 1.075 selected on validation; not tested because dual GELU validated better
dual_gelu_s17_s29_w05_t1075,,Two independent GELU GPTs with logit averaging and temperature calibration,embedded checkpoint config,17;29,13f35330fc0494f3e436ebf68c012e375a9e74578a6eeb6b461fcd020629b982;958f743efd79aeeab7c85fb172959abf19703514a3c93dad57d6d34fc2594fc4,4800+4800,32,256,78643200,7498752,NVIDIA GeForce RTX 3060 Laptop GPU,4,fp32,977.5059017,33.1661956,36.4878182,1.85333252,,1.5388859171392657,1.5554130108775592,1bf6995bda3d2006485c87557d295086057a4e5d6af7a8dc53feb7b1ef94f070,validation,0.5 logit mix and temperature 1.075 frozen before test; CPU FP32 full-test time 4.046x original baseline; checkpoint 30031481 bytes
gelu_ffn8_w256_4800_s17,,GELU FFN expansion 8 at width 256,configs/gelu_ffn8_width256.json,17,,4800,32,256,39321600,5850624,NVIDIA GeForce RTX 3060 Laptop GPU,4,fp32,507.54294639999716,2.0378267999985837,,,1.141200896,1.6487785448165633,,66d69d5a6cc72b323a4f9dba3d618f7cf450ad4f198b2d69e0f7abf4df46bb32,validation,Worse than matched-target width-256 GELU; no test run
gelu_dropout10_w256_6000_s17,,GELU width 256 with training-only dropout 0.1,configs/gelu_dropout10_width256.json,17,,6000,32,256,49152000,3749376,NVIDIA GeForce RTX 3060 Laptop GPU,4,fp32,467.5690367999996,1.8172983999975258,,,0.86432768,1.5907859075120954,,40e6ea0f59fd463c802b210b7beeb977957b7ede8087f8f04f987e22bd9000fc,validation,Dropout off during inference; 1200/2400/3600/4800/6000 validation history in metrics JSON; no standalone test
gelu_dropout10_w256_6000_s17_inference,,Dropout-trained GELU repackaged as ordinary GPT,embedded checkpoint config,17,40e6ea0f59fd463c802b210b7beeb977957b7ede8087f8f04f987e22bd9000fc,6000,32,256,49152000,3749376,NVIDIA GeForce RTX 3060 Laptop GPU,4,fp32,467.5690367999996,,,,,1.5907859075120954,,71d44d0fa06bfcc2d4f336a37bd4d9aa9fc9aa51c6325c8021285dd3d596d10f,validation,Identical inference logits; repackage allows pairing with ordinary GELU checkpoint
dual_gelu_bigram_a100_w005,,Dual GELU plus train-derived dense bigram logit correction,embedded checkpoint config,17;29,1bf6995bda3d2006485c87557d295086057a4e5d6af7a8dc53feb7b1ef94f070,4800+4800,32,256,82256542,7498752,NVIDIA GeForce RTX 3060 Laptop GPU,4,fp32,977.5059017,65.5742627,,1.8842239379882812,,1.5383218607623945,,b6df83130a6401433419d70e35c6324065631effb08f0ae1a20fdf3224a07ef5,validation,Marginal gain; CPU validation concurrent with GPU training and resource status not established; no test run
dual_dropout10_s17_gelu_s29_w055_t1075,,Dropout-trained and ordinary GELU logit ensemble,embedded checkpoint config,17;29,71d44d0fa06bfcc2d4f336a37bd4d9aa9fc9aa51c6325c8021285dd3d596d10f;958f743efd79aeeab7c85fb172959abf19703514a3c93dad57d6d34fc2594fc4,6000+4800,32,256,88473600,7498752,NVIDIA GeForce RTX 3060 Laptop GPU,4,fp32,964.1458435999996,28.8895753,32.7788454,1.8548240661621094,,1.5351508055531276,1.5510997608919284,08044b228f885d4a4013f24b493301bd2ef8c4780504397986a0a34fb05903fc,validation,GELU weight 0.55 temperature 1.075; frozen before test; CPU test 3.635x original baseline; first CPU validation timing outlier recorded
gelu_w256_6000_s17_round6,,GELU no-dropout 6000-step control,configs/baseline_width256.json,17,,6000,32,256,49152000,3749376,NVIDIA GeForce RTX 3060 Laptop GPU,4,fp32,338.1278771000216,0.9835296000092058,,,0.847550464,1.6241119916988045,,60e8579bcf55dba41a567a3d0eb6d4b333ab00743abe8cb1682a2a226c47917f,validation,Matched-target dropout control; validation on GPU FP32
rope_dropout10_w256_6000_s17_round6,,RoPE and training dropout 0.1,configs/rope_dropout10_width256.json,17,,6000,32,256,49152000,3683840,NVIDIA GeForce RTX 3060 Laptop GPU,4,fp32,481.6736960999988,1.1591080000071088,,,0.931172352,1.581406729567334,,d9851dd6b7d9a3836d594796397b445f2a2cc6171f98a2132bc29559a0f109f8,validation,Matched-target absolute-position control is prior dropout-0.1 run; validation on GPU FP32
gelu_dropout10_coverage_w256_6000_s17_round6,,GELU dropout 0.1 coverage sampler,configs/gelu_dropout10_width256.json,17,,6000,32,256,49152000,3749376,NVIDIA GeForce RTX 3060 Laptop GPU,4,fp32,705.4756922000088,1.814820100000361,,,0.86432768,1.5876163453775776,,c011853686facf7b5677beb95a6f16c8e6207f424534a938f64a74005c783daf,validation,Coverage sampler; concurrent sweeps inflated training wall time; validation on GPU FP32
rope_s17_gelu_s29_w055_t1075_round6,,RoPE dropout-17 plus GELU-29 logit ensemble,embedded checkpoint config,17+29,d9851dd6b7d9a3836d594796397b445f2a2cc6171f98a2132bc29559a0f109f8;958f743efd79aeeab7c85fb172959abf19703514a3c93dad57d6d34fc2594fc4,6000+4800,32,256,88473600,7433216,CPU; parents trained on RTX 3060 Laptop GPU,4,fp32,978.2505028999967,57.80609080000431,64.62928559999273,1.8594017028808594,,1.5238358317320002,1.5431189316122118,ec8f909757e7156eb14601183be7de8605d36ccd338a9b0dab7278e0bb8d5794,validation,Frozen before complete test; same-period baseline test 15.4980167 sec; 4.1702x CPU time; 28.39 MiB checkpoint
rope_dropout10_coverage_w256_6000_s17_round7,,RoPE dropout 0.1 with coverage sampler,configs/rope_dropout10_width256.json,17,,6000,32,256,49152000,3683840,NVIDIA GeForce RTX 3060 Laptop GPU,4,fp32,559.9008625999995,1.9716025999950944,,,0.931172352,1.5706220378443854,,22f616a1ccea0f2c3c0aebb8f06a3682a10814ed14eba47eef1957342ea70e84,validation,Joint RoPE/coverage experiment; validation on GPU FP32
rope_dropout10_w256_6000_s29_round7,,RoPE dropout 0.1 independent seed,configs/rope_dropout10_width256.json,29,,6000,32,256,49152000,3683840,NVIDIA GeForce RTX 3060 Laptop GPU,4,fp32,748.1140479999885,2.0682964999869,,,0.998281216,1.5887605738848858,,fd8440332aa402724d984a1c41b9cdc27c7c53b80c9893133cf1abd4d0fc6cd6,validation,Independent-seed RoPE; concurrent scoring inflated wall time; validation on GPU FP32
gelu_dropout10_distilled_w256_6000_s17_round7,,GELU dropout 0.1 train-only ensemble distillation,configs/gelu_dropout10_width256.json,17,49f2f47f2cf7a7432e473713567b3aeb66b5156a744bc4d4d3c9d7378bf418b7,6000,32,256,137625600,3749376,NVIDIA GeForce RTX 3060 Laptop GPU,4,fp32,1196.0075661000155,1.9195845999929588,,,1.095978496,1.5628438628206924,,d610a8129b515e0f0457cc91077e18cc62eb3161bba12c3a37ca58bccf6005f3,validation,50% next-token and 50% teacher soft-target cross entropy; student own targets 49152000; no teacher at inference
rope_coverage_s17_gelu_s29_w06_t1075_round7,,RoPE coverage-17 plus GELU-29 logit ensemble,embedded checkpoint config,17+29,22f616a1ccea0f2c3c0aebb8f06a3682a10814ed14eba47eef1957342ea70e84;958f743efd79aeeab7c85fb172959abf19703514a3c93dad57d6d34fc2594fc4,6000+4800,32,256,88473600,7433216,CPU; parents trained on RTX 3060 Laptop GPU,4,fp32,1056.4776693999975,32.000913600000786,34.96303650000482,1.8584327697753906,,1.5193482700303684,1.5415996928045133,49f2f47f2cf7a7432e473713567b3aeb66b5156a744bc4d4d3c9d7378bf418b7,validation,Frozen before complete test; same-period baseline test 8.1988134 sec; 4.2644x CPU time; 28.39 MiB checkpoint
round8_gate_train_only_screen,,Three-parameter train-only causal mixture gate,embedded checkpoint config,17;29;47,22f616a1ccea0f2c3c0aebb8f06a3682a10814ed14eba47eef1957342ea70e84;958f743efd79aeeab7c85fb172959abf19703514a3c93dad57d6d34fc2594fc4,250,16,256,89497600,7433219,NVIDIA GeForce RTX 3060 Laptop GPU,4,fp32,59.10793650000414,,,,,1.5193594345714285,,,validation,Best nonzero gate strength 0.25; fixed gate strength zero was 1.51934833; rejected; elapsed includes validation grid
rope_dropout10_coverage_w256_9000_s17_round8,,RoPE dropout 0.1 coverage 9000-step plan,configs/rope_dropout10_width256.json,17,,9000,32,256,73728000,3683840,NVIDIA GeForce RTX 3060 Laptop GPU,4,fp32,1701.9130560000049,4.548227000006591,,,0.998281216,1.54673324732701,,fcaf04be3eb98a5362223a1ee9545d7931ddfb54b94409136f4bfd7f103f4a1d,validation,Snapshots at 1500-step intervals; GPU contention inflates measured training time
rope_qknorm_dropout10_coverage_w256_6000_s17_round8,,Q/K-normalized RoPE dropout 0.1 coverage,configs/rope_dropout10_width256.json,17,,6000,32,256,49152000,3683840,NVIDIA GeForce RTX 3060 Laptop GPU,4,fp32,1589.2754962999898,4.960748900004546,,,1.000378368,1.576047054801396,,d717f5b39b8618aebe3fc1adc81daa767fa5e34d8109997d7003b5141e076e7c,validation,Matched-target Q/K normalization screen; rejected; GPU contention inflates time
rope_dropout10_coverage_w256_12000_s17_round8,,RoPE dropout 0.1 coverage 12000-step plan,configs/rope_dropout10_width256.json,17,,12000,32,256,98304000,3683840,NVIDIA GeForce RTX 3060 Laptop GPU,4,fp32,1128.276346100014,1.9146808999939822,,,0.998281216,1.5366804471950601,,6cd5a491d79b2f21fb386baa344ec42acc546ce9b69a1bca5cb291d62fed00e8,validation,Snapshots at 2000-step intervals; cosine schedule spans 12000 steps
rope_coverage_s17_swa_7500_9000_round8,,Same-run average of 7500 and 9000-step RoPE weights,configs/rope_dropout10_width256.json,17,,7500;9000,32,256,73728000,3683840,NVIDIA GeForce RTX 3060 Laptop GPU,4,fp32,1701.9130560000049,4.632278600009158,,,,1.5434356187962193,,82900d9c3f897f106eaeb2578fcba5976dc8b0957f9d3ca6dea2dc7444412d5f,validation,Equal snapshot weight; one training ancestry counted once
rope_coverage_s17_swa_10000_12000_round8,,Same-run average of 10000 and 12000-step RoPE weights,configs/rope_dropout10_width256.json,17,,10000;12000,32,256,98304000,3683840,NVIDIA GeForce RTX 3060 Laptop GPU,4,fp32,1128.276346100014,1.0884004999970784,,,,1.533790579892529,,989aba71895a03bcc5bc7e64c131023580db51dbf0f36c33bd79257cca0c8134,validation,Equal snapshot weight; one training ancestry counted once
rope_swa_10000_12000_gelu29_w065_t109_round8,,Same-run averaged RoPE plus GELU-29 logit ensemble,embedded checkpoint config,17;29,989aba71895a03bcc5bc7e64c131023580db51dbf0f36c33bd79257cca0c8134;958f743efd79aeeab7c85fb172959abf19703514a3c93dad57d6d34fc2594fc4,12000;4800,32,256,137625600,7433216,CPU; parents trained on RTX 3060 Laptop GPU,4,fp32,1624.853152900012,34.830807800011826,40.422446000011405,1.8572921752929688,,1.4896239562768345,1.509127123317446,b2b4a3a9b553c08c27788c139266f0dc97018442dced4e11e66c25d583178670,validation,RoPE weight 0.65 temperature 1.09; frozen before test; same-period baseline CPU test 8.8359224 sec; ratio 4.5748; checkpoint 28.39 MiB
gelu_dropout10_w256_4800_s29_round9,,GELU seed29 dropout 0.1 random-window matched control,configs/gelu_dropout10_width256.json,29,,4800,32,256,39321600,3749376,NVIDIA GeForce RTX 3060 Laptop GPU,4,fp32,365.9954300999816,0.9835929999971995,,,0.931436544,1.6185712570147497,,9182d7ff2ff16e53b13f842b80b23d7196fa6cfb1541fa61e106e5a0f861671e,validation,Same targets as ordinary GELU29; pair screen worse than round8 selected
gelu_dropout10_coverage_w256_4800_s29_round9,,GELU seed29 dropout 0.1 coverage-sampling matched control,configs/gelu_dropout10_width256.json,29,,4800,32,256,39321600,3749376,NVIDIA GeForce RTX 3060 Laptop GPU,4,fp32,449.44297090001055,1.7146651000075508,,,0.931436544,1.6032925800543802,,6b208e8d088659a646b3d90a06e9adadc62bcb6d9b94936efb1ab1f839155359,validation,Same targets as random-window dropout29; better single but worse pair
rope_dropout10_coverage_wsd12000_s17_round9,,RoPE dropout 0.1 coverage WSD schedule 12000 steps,configs/rope_dropout10_width256.json,17,,12000,32,256,98304000,3683840,NVIDIA GeForce RTX 3060 Laptop GPU,4,fp32,1442.2836410000164,2.009142499999143,,,0.998281216,1.5194601791604592,,f7152c126fd652613bc13fce589734b17fea23dc6182124914177df7cda2766c,validation,Matched targets vs round8 cosine control; stable fraction 0.75
rope_wsd12_finetune2k_s47_round9,,Train-only low-rate continuation of WSD12 with fresh AdamW,configs/rope_dropout10_width256.json,47,f7152c126fd652613bc13fce589734b17fea23dc6182124914177df7cda2766c,2000,32,256,114688000,3683840,NVIDIA GeForce RTX 3060 Laptop GPU,4,fp32,134.78316969999287,1.095799500006251,,,0.998281216,1.517230513491049,,785983482605e2ee1e86fd4b32a9044de304716aed40ded6b481e3cdb68d2ee1,validation,2000 own steps at LR 0.0001 to 0.00001; parent targets counted
rope_dropout10_coverage_wsd16000_s17_round9,,RoPE dropout 0.1 coverage WSD schedule 16000 steps,configs/rope_dropout10_width256.json,17,,16000,32,256,131072000,3683840,NVIDIA GeForce RTX 3060 Laptop GPU,4,fp32,1737.1642525000061,1.9446477999881608,,,0.998281216,1.5162884788389408,,40f877ef0a4759bc5026333ff698355a0133ef79514aa6f3c821a32bb875465c,validation,Stable fraction 0.75; snapshots every 2000 steps
rope_wsd_swa_10000_12000_round9,,Same-run RoPE WSD checkpoint weight average,configs/rope_dropout10_width256.json,17,1a342d2cdddd0286d72f4a902f9bafca6d2ac9c496e6f598b4d63c3a2119f377;f7152c126fd652613bc13fce589734b17fea23dc6182124914177df7cda2766c,12000,32,256,98304000,3683840,NVIDIA GeForce RTX 3060 Laptop GPU,4,fp32,1442.2836410000164,1.0057989999913843,,,,1.5168674335599377,,9ad3af4219063748af374bed35089d1508703799ff215d3fb8ec4e967b2ef54f,validation,Same training trajectory; ancestry counted once; selected average weight recorded in metrics JSON
rope_wsd16_swa_14000_16000_round9,,Same-run RoPE WSD checkpoint weight average,configs/rope_dropout10_width256.json,17,3c038e9c9a186271ee66089ea767ebd6c1e71c0e8563a7b3abe90b9f1ca9b3a1;40f877ef0a4759bc5026333ff698355a0133ef79514aa6f3c821a32bb875465c,16000,32,256,131072000,3683840,NVIDIA GeForce RTX 3060 Laptop GPU,4,fp32,1737.1642525000061,1.0539816999953473,,,,1.5129329354028214,,1d65e82aef75faf7946921b11148c80dee1c2705ff2aadeb8952f5dd67281afd,validation,Same training trajectory; ancestry counted once; selected average weight recorded in metrics JSON
rope_dropout15_coverage_wsd12000_s17_round9,,RoPE dropout 0.15 coverage WSD schedule 12000 steps,configs/rope_dropout15_width256.json,17,,12000,32,256,98304000,3683840,NVIDIA GeForce RTX 3060 Laptop GPU,4,fp32,1030.993033700026,1.0860600000014529,,,0.998281216,1.5224917839082657,,1ec1bf295fe55fcf03fbecee65acb81dea6da21e86860d3d88af4feae8a25324,validation,Matched targets and schedule vs dropout 0.1 WSD control
rope_wsd16_swa_gelu29_w07_t1105_round9,,WSD16 same-run averaged RoPE plus GELU29 logit ensemble,embedded checkpoint config,17;29,1d65e82aef75faf7946921b11148c80dee1c2705ff2aadeb8952f5dd67281afd;958f743efd79aeeab7c85fb172959abf19703514a3c93dad57d6d34fc2594fc4,16000;4800,32,256,170393600,7433216,CPU; parents trained on RTX 3060 Laptop GPU,4,fp32,2233.741059300004,34.56177519999619,38.9095898999949,1.8572769165039062,,1.471448055312622,1.4913549500297205,e7df9537318e07a6019e0eaa4f1ea424351af9e2ea85f15ff1a9edd7d997383e,validation,RoPE weight 0.70 temperature 1.105; frozen before complete test; CPU ratio 4.2887; 28.39 MiB checkpoint
rope_raw16_gelu29_w07_t1105_round10,,Raw WSD16 RoPE plus GELU29 logit ensemble controlled ablation,embedded checkpoint config,17;29,40f877ef0a4759bc5026333ff698355a0133ef79514aa6f3c821a32bb875465c;958f743efd79aeeab7c85fb172959abf19703514a3c93dad57d6d34fc2594fc4,16000;4800,32,256,170393600,7433216,CPU; parents trained on RTX 3060 Laptop GPU,4,fp32,2233.741059300004,43.93944780000311,49.47600150000653,1.8579826354980469,,1.4717819821621327,1.491837131368517,d5159b3b869bc1c41d2c2147a9bdf401f4d10c04f809364a6c0818486e138369,predeclared_ablation,RoPE weight 0.70 temperature 1.105; no checkpoint averaging; CPU ratio 4.5944 vs same-period baseline; 28.39 MiB
rope_raw16_gelu29_w05_t1105_round10,,Raw WSD16 RoPE plus GELU29 equal-logit controlled ablation,embedded checkpoint config,17;29,40f877ef0a4759bc5026333ff698355a0133ef79514aa6f3c821a32bb875465c;958f743efd79aeeab7c85fb172959abf19703514a3c93dad57d6d34fc2594fc4,16000;4800,32,256,170393600,7433216,CPU; parents trained on RTX 3060 Laptop GPU,4,fp32,2233.741059300004,42.7621736000001,46.75965500000166,1.8583946228027344,,1.4797045436795053,1.4989555702583726,c162aa90c1e5cd445128a8b105d5346d8b3dc156917d1116b49920e7fe9a3074,predeclared_ablation,RoPE weight 0.50 temperature 1.105; no checkpoint averaging; CPU ratio 4.3422 vs same-period baseline; 28.39 MiB
rope_swa16_gelu29_w05_t1105_round10,,Averaged WSD16 RoPE plus GELU29 equal-logit controlled ablation,embedded checkpoint config,17;29,1d65e82aef75faf7946921b11148c80dee1c2705ff2aadeb8952f5dd67281afd;958f743efd79aeeab7c85fb172959abf19703514a3c93dad57d6d34fc2594fc4,16000;4800,32,256,170393600,7433216,CPU; parents trained on RTX 3060 Laptop GPU,4,fp32,2233.741059300004,44.4542752999987,41.42311879999761,1.8572120666503906,,1.4801303701104496,1.4992817671386027,455225a65bd7e6c07d9056a1c61ba078907fef25a116e04519b786e81a37434d,predeclared_ablation,RoPE weight 0.50 temperature 1.105; checkpoint averaged; CPU ratio 3.8466 vs same-period baseline; 28.39 MiB
